1065350	Pham Van Tai	female	phamvantai@gmail.com	0632 172 035	Standard	01/10/2023	18/01/2024	26/01/2024	4	6	Chua Thanh Toan
1065349	Nguyen Thi Bich	female	nguyenthibich@gmail.com	0961 345 678	Standard	01/10/2023	11/01/2024	13/01/2024	1	3	Chua Thanh Toan
1065348	Tran Van Linh	male	linhtv@gmail.com	0987 654 326	Standard	01/10/2023	20/12/2023	26/12/2023	2	3	Chua Thanh Toan
1065347	Dang Van Hieu	female	dangvanhieu@gmail.com	0321 234 567	Deluxe	01/10/2023	06/12/2023	10/12/2023	3	5	Da Thanh Toan
1065346	Nguyen Minh Anh	female	nguyenminhanh@gmail.com	0987 654 321	Standard	01/10/2023	29/11/2023	02/12/2023	3	6	Da Thanh Toan
1065354	Andrew Young	male	andrew.young@gmail.com	0345 678 901	Standard	02/10/2023	27/12/2023	31/12/2023	2	6	Da Thanh Toan
1065353	Bui Thi Hao	male	buithihao@gmail.com	0114 005 441	Deluxe	02/10/2023	26/12/2023	17/01/2024	2	3	Chua Thanh Toan
1065352	Nguyen Van Anh	female	nguyenvananh@gmail.com	0248 899 994	Standard	02/10/2023	22/12/2023	19/01/2024	2	6	Da Thanh Toan
1065351	Pham Van Khanh	male	phamvankhanh@gmail.com	0854 321 098	Deluxe	02/10/2023	15/12/2023	21/12/2023	5	10	Da Thanh Toan
1065359	Mia White	female	mia.white@gmail.com	0234 567 890	Deluxe	03/10/2023	23/02/2024	04/03/2024	3	3	DThanh Toan
1065358	Ly Minh Tri	male	lyminhtri@gmail.com	0956 901 234	Deluxe	03/10/2023	21/02/2024	02/03/2024	4	8	Da Thanh Toan
1065357	Le Thi Ngoc	male	ngocle@gmail.com	0987 654 333	Standard	03/10/2023	21/01/2024	03/02/2024	1	1	Chua Thanh Toan
1065356	Hoang Thi Phuong	female	hoangthiphuong@gmail.com	0129 244 670	Standard	03/10/2023	14/01/2024	04/02/2024	3	6	Chua Thanh Toan
1065355	Luu Van Thang	male	luuvanthang@gmail.com	0876 543 210	Deluxe	03/10/2023	01/12/2023	10/12/2023	5	11	Da Thanh Toan
1065362	Sophia Anderson	male	sophia.anderson@gmail.com	0678 901 234	Standard	04/10/2023	20/01/2024	24/01/2024	5	5	Da Thanh Toan
1065361	Ngo Thi Ngoc Linh	female	ngothilinh@gmail.com	0897 654 321	Deluxe	04/10/2023	03/12/2023	11/12/2023	4	8	Da Thanh Toan
1065360	Do Quang Huy	male	doquanghuy@gmail.com	0947 789 012	Deluxe	04/10/2023	30/11/2023	05/12/2023	5	12	Chua Thanh Toan
1065364	Tran Van Quan	female	quantran@gmail.com	0123 456 794	Standard	05/10/2023	27/01/2024	11/02/2024	3	5	Da Thanh Toan
1065363	Nguyen Thi Thao	female	thaont@gmail.com	0123 456 787	Standard	05/10/2023	26/12/2023	02/01/2024	2	4	Da Thanh Toan
1065366	Hoang Van Dat	female	hoangvandat@gmail.com	0929 218 094	Standard	06/10/2023	18/12/2023	19/12/2023	4	4	Da Thanh Toan
1065365	Tran Thi Hong Loan	female	tranhongloan@gmail.com	0345 678 901	Standard	06/10/2023	07/12/2023	09/12/2023	2	3	Chua Thanh Toan
1065373	Dang Thi Yen	male	dangthiyen@gmail.com	0668 028 346	Deluxe	07/10/2023	17/01/2024	14/02/2024	1	1	Da Thanh Toan
1065372	Dang Van Giang	female	dangvangiang@gmail.com	0524 819 125	Standard	07/10/2023	13/01/2024	14/01/2024	4	4	Da Thanh Toan
1065371	Pham Thi Ngoc Lan	male	phamthingoclan@gmail.com	0957 901 234	Standard	07/10/2023	04/01/2024	09/01/2024	2	5	Da Thanh Toan
1065370	John Smith	male	john.smith@gmail.com	0123 456 789	Standard	07/10/2023	28/12/2023	30/12/2023	1	2	Da Thanh Toan
1065369	Emily Johnson	male	emily.johnson@gmail.com	0234 567 890	Deluxe	07/10/2023	08/12/2023	15/12/2023	4	4	Chua Thanh Toan
1065368	Mai Van Tuan	female	maivantuan@gmail.com	0876 543 210	Deluxe	07/10/2023	08/12/2023	14/12/2023	2	4	Chua Thanh Toan
1065367	Tran Van Hung	male	tranvanhung@gmail.com	0345 678 901	Standard	07/10/2023	04/12/2023	10/12/2023	2	6	Chua Thanh Toan
1065378	Nguyen Thi Cuc	female	cuctnguyen@gmail.com	0123 456 783	Standard	08/10/2023	12/12/2023	16/12/2023	2	4	Da Thanh Toan
1065377	Trinh Thi Ngoc Anh	female	trinhthingocanh@gmail.com	0854 321 098	Standard	08/10/2023	08/12/2023	17/12/2023	2	1	Chua Thanh Toan
1065376	Benjamin Taylor	female	benjamin.taylor@gmail.com	0901 234 567	Standard	08/10/2023	05/12/2023	10/12/2023	4	4	Chua Thanh Toan
1065375	Pham Thi Mai	female	maipham@gmail.com	0987 654 321	Standard	08/10/2023	03/12/2023	06/12/2023	2	4	Da Thanh Toan
1065374	Hoang Anh Tuan	male	hoanganhtuan@gmail.com	0989 123 456	Deluxe	08/10/2023	29/11/2023	08/12/2023	4	4	Chua Thanh Toan
1065382	Nguyen Van Thanh	male	thanh.nguyen@gmail.com	0966 333 444	Standard	09/10/2023	12/02/2024	20/02/2024	1	2	Chua Thanh Toan
1065381	Trinh Van Manh	male	trinhvanmanh@gmail.com	0549 436 145	Standard	09/10/2023	16/12/2023	28/12/2023	1	2	Chua Thanh Toan
1065380	Vo Thi Mai Anh	female	vothimaianh@gmail.com	0890 123 456	Deluxe	09/10/2023	09/12/2023	16/12/2023	1	1	Chua Thanh Toan
1065379	Vuong Thi Trang	female	vu-thi-trang@gmail.com	0910 234 567	Deluxe	09/10/2023	29/11/2023	01/12/2023	5	6	Da Thanh Toan
1065385	Dang Thi Thu Ha	female	dangthithuha@gmail.com	0966 345 678	Standard	10/10/2023	07/02/2024	13/02/2024	4	4	Chua Thanh Toan
1065384	Tran Van Hung	male	tranvanhung@gmail.com	0902 456 789	Deluxe	10/10/2023	07/02/2024	09/02/2024	4	4	Chua Thanh Toan
1065383	Pham Van Hai	female	haipham@gmail.com	0987 654 323	Standard	10/10/2023	10/12/2023	15/12/2023	1	2	Da Thanh Toan
1065389	Ngo Duc Binh	male	ngoducbinh@gmail.com	0907 456 789	Standard	11/10/2023	11/02/2024	14/02/2024	3	3	Da Thanh Toan
1065388	Le Thi Huong	male	huongle@gmail.com	0987 654 331	Standard	11/10/2023	13/01/2024	22/01/2024	1	2	Da Thanh Toan
1065387	Tran Van Hoa	male	hoatran@gmail.com	0123 456 790	Standard	11/10/2023	11/01/2024	19/01/2024	1	2	Da Thanh Toan
1065386	Tran Thanh Ha	male	tranthanhha@gmail.com	0927 890 123	Deluxe	11/10/2023	08/01/2024	13/01/2024	5	10	Chua Thanh Toan
1065393	Duong Manh Cuong	male	duongmanhcuong@gmail.com	0971 567 890	Standard	12/10/2023	04/02/2024	06/02/2024	5	5	Chua Thanh Toan
1065392	Isabella Thomas	female	isabella.thomas@gmail.com	0012 345 678	Deluxe	12/10/2023	03/02/2024	07/02/2024	4	7	Chua Thanh Toan
1065391	Nguyen Van An	male	annguyen@gmail.com	0987 654 328	Standard	12/10/2023	01/01/2024	05/01/2024	1	3	Chua Thanh Toan
1065390	Pham Thanh Hang	female	phamthanhhang@gmail.com	0903 456 789	Standard	12/10/2023	07/12/2023	11/12/2023	4	4	Da Thanh Toan
1065395	Vu Van Quan	male	vuvanquan@gmail.com	0867 081 750	Standard	13/10/2023	19/02/2024	04/03/2024	3	6	Chua Thanh Toan
1065394	Lam Thi Mai Anh	female	lamthimai@gmail.com	0809 876 543	Deluxe	13/10/2023	11/12/2023	14/12/2023	3	8	Da Thanh Toan
1065400	Ngo Thi Lan	female	ngothilan@gmail.com	0894 597 639	Dluxe	14/10/2023	17/02/2024	27/02/2024	2	2	Da Thanh Toan
1065399	Pham Hoang Nam	male	nam.pham@gmail.com	0123 456 789	Standard	14/10/2023	08/02/2024	14/02/2024	2	4	Da Thanh Toan
1065398	Harper Robinson	male	harper.robinson@gmail.com	0678 901 234	Deluxe	14/10/2023	23/12/2023	25/12/2023	5	10	Chua Thanh Toan
1065397	Tran Hai Yen	female	tranhaiyen@gmail.com	0944 789 012	Deluxe	14/10/2023	02/12/2023	05/12/2023	4	4	Da Thanh Toan
1065396	Vu Thi Linh	female	vuthilinh@gmail.com	0308 765 432	Deluxe	14/10/2023	28/11/2023	29/11/2023	3	4	Da Thanh Toan
1065403	Le Minh Chau	male	chauleminh@gmail.com	0987 654 329	Standard	15/10/2023	05/01/2024	10/01/2024	1	1	Chua Thanh Toan
1065402	Nicholas Scott	female	nicholas.scott@gmail.com	0789 012 345	Deluxe	15/10/2023	17/12/2023	21/12/2023	4	8	Da Thanh Toan
1065401	Phan Van Hai	female	phanvanghai@gmail.com	0321 234 567	Deluxe	15/10/2023	13/12/2023	20/12/2023	2	6	Chua Thanh Toan
1065404	Nguyen Van Tuan	male	tuannv@gmail.com	0123 456 789	Standard	16/10/2023	30/11/2023	05/12/2023	1	1	Da Thanh Toan
1065407	Pham Van Oanh	male	phamvanoanh@gmail.com	0910 850 440	Standard	17/10/2023	18/01/2024	14/02/2024	1	2	Da Thanh Toan
1065406	Hoang Thi Thao	female	hoangthithao@gmail.com	0431 316 745	Deluxe	17/10/2023	29/12/2023	28/01/2024	1	1	Da Thanh Toan
1065405	Pham Van Tung	male	tunghp@gmail.com	0987 654 325	Deluxe	17/10/2023	17/12/2023	22/12/2023	1	2	Da Thanh Toan
1065413	Anthony Rodriguez	male	anthony.rodriguez@gmail.com	0123 456 789	Deluxe	18/10/2023	03/02/2024	05/02/2024	2	6	Da Thanh Toan
1065412	Nguyen Thanh Hai	female	hainguyen@gmail.com	0987 654 330	Deluxe	18/10/2023	09/01/2024	16/01/2024	1	2	Da Thanh Toan
1065411	Do Thi Uyen	female	dothiuyen@gmail.com	0811 249 146	Deluxe	18/10/2023	15/12/2023	23/12/2023	2	6	Da Thanh Toan
1065410	Bui Thi Thuy Linh	female	buithithuylinh@gmail.com	0907 654 321	Standard	18/10/2023	09/12/2023	18/12/2023	5	13	Chua Thanh Toan
1065409	Le Thi Quynh	male	lethiquynh@gmail.com	0876 543 210	Standard	18/10/2023	07/12/2023	12/12/2023	1	2	Chua Thanh Toan
1065408	Tran Thi Anh	male	tranthianh@gmail.com	0782 985 545	Standard	18/10/2023	04/12/2023	13/12/2023	2	6	Chua Thanh Toan
1065414	Bui Thi Thanh Huong	female	buithithanhhuong@gmail.com	0321 098 765	Standard	19/10/2023	11/12/2023	14/12/2023	3	6	Chua Thanh Toan
1065415	Le Thi Rung	male	rungle@gmail.com	0987 654 335	Deluxe	20/10/2023	29/01/2024	14/02/2024	3	3	Chua Thanh Toan
1065417	Tran Minh Duc	ma	duc.tran@gmail.com	0981 111 222	Standard	21/10/2023	02/02/2024	06/02/2024	1	2	Chua Thanh Toan
1065416	Ryan Baker	male	ryan.baker@gmail.com	0567 890 123	Standard	21/10/2023	18/01/2024	28/01/2024	1	2	Chua Thanh Toan
1065422	Samuel Clark	male	samuel.clark@gmail.com	0789 012 345	Deluxe	23/10/2023	18/02/2024	25/02/2024	5	12	Chua Thanh Toan
1065421	Le Minh Tuan	male	leminhtuan@gmail.com	0902 345 678	Standard	23/10/2023	14/02/2024	20/02/2024	5	8	Chua Thanh Toan
1065420	Pham Thi Huong	female	phamthihuong@gmail.com	0935 678 901	Standard	23/10/2023	18/01/2024	22/01/2024	3	3	Chua Thanh Toan
1065419	Nguyen Hoang Minh	female	nguyenhoangminh@gmail.com	0946 789 012	Standard	23/10/2023	06/01/2024	07/01/2024	2	4	Da Thanh Toan
1065418	Dang Van Duong	female	dangvanduong@gmail.com	0178 577 473	Standard	23/10/2023	29/12/2023	19/01/2024	3	6	Chua Thanh Toan
1065428	Zoey Hernandez	female	zoey.hernandez@gmail.com	0678 901 234	Standard	24/10/2023	16/02/2024	18/02/2024	4	4	Da Thanh Toan
1065427	Do Van Hung	male	dovanhung@gmail.com	0465 269 317	Deluxe	24/10/2023	31/12/2023	24/01/2024	2	2	Chua Thanh Toan
1065426	James Thompson	female	james.thompson@gmail.com	0789 012 345	Standard	24/10/2023	28/12/2023	29/12/2023	5	10	Da Thanh Toan
1065425	Evelyn Miller	female	evelyn.miller@gmail.com	0012 345 678	Deluxe	24/10/2023	25/12/2023	02/01/2024	5	10	Chua Thanh Toan
1065424	Le Thi Dung	male	dungle@gmail.com	0123 456 784	Standard	24/10/2023	15/12/2023	20/12/2023	3	6	Da Thanh Toan
1065423	Nguyen Thanh Truc	male	thanhtruc@gmail.com	0123 456 781	Standard	24/10/2023	05/12/2023	09/12/2023	1	2	Da Thanh Toan
1065429	Matthew Hall	male	matthew.hall@gmail.com	0123 456 789	Standard	25/10/2023	18/02/2024	23/02/2024	4	4	Chua Thanh Toan
1065434	Le Thi Ngoc Dung	female	lethingocdung@gmail.com	0918 234 567	Standard	26/10/2023	13/02/2024	19/02/2024	5	10	Da Thanh Toan
1065433	Trinh Thi Linh	female	trinhthilinh@gmail.com	0911 234 567	Deluxe	26/10/2023	07/01/2024	13/01/2024	4	4	Chua Thanh Toan
1065432	Le Ngoc Khanh	female	lenguokhanh@gmail.com	0980 123 456	Deluxe	26/10/2023	28/12/2023	31/12/2023	5	10	Da Thanh Toan
1065431	Le Duc Thang	male	leducthang@gmail.com	0876 543 210	Deluxe	26/10/2023	05/12/2023	06/12/2023	4	8	Da Thanh Toan
1065430	Hoang Van Hoan	male	hoangvanhoan@gmail.com	0890 123 456	Standard	26/10/2023	29/11/2023	07/12/2023	3	5	Chua Thanh Toan
1065437	Nguyen Thi Phong	female	phongnguyen@gmail.com	0987 654 334	Standard	27/10/2023	25/01/2024	08/02/2024	3	6	Da Thanh Toan
1065436	Pham Van Oanh	male	oanhpham@gmail.com	0123 456 793	Standard	27/10/2023	23/01/2024	05/02/2024	1	2	Da Thanh Toan
1065435	Tran Van Duc	female	ductran@gmail.com	0987 654 324	Standard	27/10/2023	13/12/2023	19/12/2023	2	3	Chua Thanh Toan
1065443	Bui Thi Hong	female	buithihong@gmail.com	0989 012 345	Deluxe	28/10/2023	11/02/2024	17/02/2024	2	4	Chua Thanh Toan
1065442	Vu Thi Lan	female	vuthilan@gmail.com	0961 234 567	Standard	28/10/2023	10/02/2024	20/02/2024	1	2	Da Thanh Toan
1065441	Christopher Turner	male	christopher.turner@gmail.com	0567 890 123	Deluxe	28/10/2023	22/12/2023	29/12/2023	5	5	Chua Thanh Toan
1065440	Natalie Perez	female	natalie.perez@gmail.com	0890 123 456	Standard	28/10/2023	10/12/2023	12/12/2023	5	9	Da Thanh Toan
1065439	Joshua Adams	male	joshua.adams@gmail.com	0345 678 901	Standard	28/10/2023	01/12/2023	03/12/2023	5	5	Chua Thanh Toan
1065438	Tran Thi Huong	female	huongtt@gmail.com	0987 654 321	Standard	28/10/2023	01/12/2023	04/12/2023	2	3	Chua Thanh Toan
1065445	Vu Thi Ha	female	vuthiha@gmail.com	0951 450 041	Deluxe	29/10/2023	13/02/2024	03/03/2024	1	2	Da Thanh Toan
1065444	Tran Thi Bao	male	baotran@gmail.com	0123 456 788	Deluxe	29/10/2023	03/01/2024	07/01/2024	2	3	Chua Thanh Toan
1065447	Pham Van Binh	female	phamvanbinh@gmail.com	0958 901 123	Deluxe	30/10/2023	18/01/2024	25/01/2024	4	8	Chua Thanh Toan
1065446	Le Minh Duc	male	ducleminh@gmail.com	0123 456 678	Deluxe	30/10/2023	02/12/2023	07/12/2023	3	6	Da Thanh Toan
1065448	Avery Green	male	avery.green@gmail.com	0234 567 789	Deluxe	31/10/2023	15/02/2024	24/02/2024	5	5	Da Thanh Toan
1065454	Amelia Rodriguez	female	amelia.rodriguez@gmail.com	0890 123 345	Standard	01/11/2023	19/02/2024	25/02/2024	5	8	Da Thanh Toan
1065453	Truong Thanh Tung	female	truongthanhtung@gmail.com	0915 234 456	Deluxe	01/11/2023	29/01/2024	30/01/2024	3	6	Da Thanh Toan
1065452	Tran Minh Quan	male	tranminhquan@gmail.com	0965 345 567	Deluxe	01/11/2023	17/12/2023	21/12/2023	1	3	Chua Thanh Toan
1065451	Do Thi Yen Nhi	female	dothiyennhi@gmail.com	0934 678 890	Standard	01/11/2023	16/12/2023	25/12/2023	3	3	Da Thanh Toan
1065450	Ngo Thi Hanh	female	ngohanh@gmail.com	0809 876 654	Standard	01/11/2023	12/12/2023	19/12/2023	3	6	Da Thanh Toan
1065449	Pham Thi Lan Anh	female	phamthilanh@ gmail.com	0321 987 765	Standard	01/11/2023	03/12/2023	08/12/2023	2	2	Da Thanh Toan
1065459	Alexander Martinez	male	alexander.martinez@gmail.com	0567 890 012	Deluxe	02/11/2023	13/01/2024	21/01/2024	5	5	Chua Thanh Toan
1065458	Dang Thi Thanh	male	dangthithanh@gmail.com	0436 649 953	Deluxe	02/11/2023	02/01/2024	20/01/2024	3	6	Chua Thanh Toan
1065457	Mai Thi Thuan	female	maithithuan@gmail.com	0932 678 890	Standard	02/11/2023	16/12/2023	20/12/2023	2	4	Chua Thanh Toan
1065456	Ly Thi Hong Nga	female	lythingocnga@gmail.com	0309 876 654	Deluxe	02/11/2023	15/12/2023	19/12/2023	5	12	Da Thanh Toan
1065455	Lily Rivera	female	lily.rivera@gmail.com	0012 345 567	Deluxe	02/11/2023	03/12/2023	07/12/2023	3	3	Chua Thanh Toan
1065462	Victoria Mitchell	male	victoria.mitchell@gmail.com	0012 345 567	Deluxe	03/11/2023	02/01/2024	07/01/2024	4	7	Chua Thanh Toan
1065461	Ngo Thi Kim Ngan	male	ngokimngan@gmail.com	0903 210 098	Standard	03/11/2023	12/12/2023	13/12/2023	4	6	Da Thanh Toan
1065460	Le Thi Binh	male	binhle@gmail.com	0123 456 678	Standard	03/11/2023	08/12/2023	12/12/2023	2	3	Chua Thanh Toan
1065465	Nguyen Thi Mai	male	nguyenthimai@gmail.com	0161 357 773	Deluxe	04/11/2023	21/01/2024	06/02/2024	1	3	Da Thanh Toan
1065464	Tran Thi Huong	female	tranthihuong@gmail.com	0901 234 456	Standard	04/11/2023	10/12/2023	18/12/2023	1	1	Da Thanh Toan
1065463	Khuong Van Quyet	male	khuongvanquyet@gmail.com	0903 210 098	Standard	04/11/2023	06/12/2023	10/12/2023	1	2	Da Thanh Toan
1065468	Nguyen Duc Anh	female	nguyenducanh@gmail.com	0910 123 345	Standard	05/11/2023	28/01/2024	06/02/2024	1	1	Chua Thanh Toan
1065467	Nguyen Thi Uyen	male	nguyenthuyen@gmail.com	0905 432 210	Deluxe	05/11/2023	10/12/2023	14/12/2023	4	8	Chua Thanh Toan
1065466	Vu Van Tuan	male	vuvantuan@gmail.com	0419 953 346	Standard	05/11/2023	08/12/2023	04/01/2024	4	8	Chua Thanh Toan
1065472	Vu Thi Mai Anh	female	vuthimaianh@gmail.com	0934 678 890	Standard	06/11/2023	12/01/2024	13/01/2024	2	4	Chua Thanh Toan
1065471	Joseph Jackson	male	joseph.jackson@gmail.com	0123 456 678	Deluxe	06/11/2023	04/12/2023	05/12/2023	3	5	Da Thanh Toan
1065470	Le Thi Suong	female	lethisuong@gmail.com	0363 057 749	Deluxe	06/11/2023	04/12/2023	07/12/2023	1	1	Chua Thanh Toan
1065469	Hoang Xuan Binh	male	hoangxuanbinh@gmail.com	0345 678 890	Deluxe	06/11/2023	02/12/2023	04/12/2023	5	6	Chua Thanh Toan
1065477	Abigail Lewis	female	abigail.lewis@gmail.com	0234 567 789	Deluxe	07/11/2023	16/02/2024	17/02/2024	4	8	Chua Thanh Toan
1065476	Nguyen Thi Thanh	male	thanhnguyen@gmail.com	0987 654 433	Deluxe	07/11/2023	02/02/2024	20/02/2024	4	8	Da Thanh Toan
1065475	Tran Van Quang	female	tranvanquang@gmail.com	0449 477 726	Standard	07/11/2023	01/02/2024	22/02/2024	2	4	Da Thanh Toan
1065474	Tran Van Manh	female	manhtran@gmail.com	0123 456 679	Standard	07/11/2023	19/01/2024	31/01/2024	1	2	Da Thanh Toan
1065473	Tran Van Anh	male	anhtran@gmail.com	0987 654 432	Deluxe	07/11/2023	07/12/2023	11/12/2023	1	1	Da Thanh Toan
1065480	Bui Thi Hang	male	buithihang@gmail.com	0218 325 565	Deluxe	08/11/2023	25/01/2024	13/02/2024	2	2	Chua Thanh Toan
1065479	Le Ba Quan	male	lebaquan@gmail.com	0973 567 789	Standard	08/11/2023	18/01/2024	21/01/2024	2	2	Da Thanh Toan
1065478	Pham Van Khanh	female	khanhpham@gmail.com	0123 456 679	Standard	08/11/2023	15/01/2024	25/01/2024	2	2	Da Thanh Toan
1065483	Le Thanh Hien	female	hien.le@gmail.com	0999 888 877	Standard	09/11/2023	06/02/2024	11/02/2024	2	2	Da Thanh Toan
1065482	David Lee	female	david.lee@gmail.com	0901 234 456	Standard	09/11/2023	29/01/2024	31/01/2024	4	8	Da Thanh Toan
1065481	Le Van Bao	male	levanbao@gmail.com	0230 130 055	Deluxe	09/11/2023	17/12/2023	03/01/2024	1	1	Da Thanh Toan
1065486	Le Thi Mai	female	maill@gmail.com	0123 456 678	Standard	10/11/2023	22/12/2023	28/12/2023	2	2	Da Thanh Toan
1065485	Nguyen Thi Oanh	male	nguyenthoanh@gmail.com	0854 321 109	Deluxe	10/11/2023	06/12/2023	10/12/2023	5	9	Chua Thanh Toan
1065484	Do Van Tung	male	dovantung@gmail.com	0845 678 890	Standard	10/11/2023	30/11/2023	02/12/2023	1	1	Da Thanh Toan
1065548	Nguyen Vanh	Female	vanhng@gmail,com	0453 532 512	Deluxe 	10/11/2023	02/12/2023	06/12/2023	4	4	Chua Thanh Toan
1065547	An Nam	Male 	naman@gmail.com	0447 077 771	Deluxe 	11/11/2023	04/12/2023	15/12/2023	3	8	Da Thanh Toan
1065491	Michael Brown	male	michael.brown@gmail.com	0345 678 890	Deluxe	11/11/2023	21/02/2024	01/03/2024	3	3	Da Thanh Toan
1065490	Ha Lan Anh	female	halananh@gmail.com	0984 123 345	Standard	11/11/2023	20/02/2024	01/03/2024	5	5	Da Thanh Toan
1065489	Hoang Van Phuc	female	hoangvanphuc@gmail.com	0909 876 654	Standard	11/11/2023	14/12/2023	24/12/2023	4	8	Chua Thanh Toan
1065488	Le Van Hoa	female	levanhoa@gmail.com	0321 234 456	Deluxe	11/11/2023	14/12/2023	19/12/2023	4	8	Chua Thanh Toan
1065487	Christian King	female	christian.king@gmail.com	0789 012 234	Standard	11/11/2023	08/12/2023	18/12/2023	5	10	Da Thanh Toan
1065496	Nguyen Quang Trung	male	nguyenquangtrung@gmail.com	0974 567 789	Standard	12/11/2023	18/02/2024	28/02/2024	3	3	Da Thanh Toan
1065495	Elizabeth Walker	female	elizabeth.walker@gmail.com	0456 789 901	Deluxe	12/11/2023	07/02/2024	11/02/2024	5	5	Chua Thanh Toan
1065494	William Wilson	female	william.wilson@gmail.com	0567 890 012	Deluxe	12/11/2023	24/01/2024	31/01/2024	1	2	Da Thanh Toan
1065493	Nguyen Thi Lan	male	lannguyen@gmail.com	0987 654 433	Standard	12/11/2023	17/01/2024	28/01/2024	3	6	Chua Thanh Toan
1065492	Ly Van Thanh	male	lyvanthanh@gmail.com	0946 789 901	Deluxe	12/11/2023	15/01/2024	23/01/2024	2	4	Da Thanh Toan
1065501	Ngo Van Vinh	male	ngovanvinh@gmail.com	0678 061 122	Deluxe	13/11/2023	01/02/2024	25/02/2024	2	2	Da Thanh Toan
1065500	Hoang Van Nam	female	hoangvannam@gmail.com	0978 567 789	Standard	13/11/2023	02/01/2024	04/01/2024	2	2	Chua Thanh Toan
1065499	Le Thi Ngoc	female	lethingoc@gmail.com	0577 944 481	Deluxe	13/11/2023	18/12/2023	20/12/2023	2	6	Da Thanh Toan
1065498	Pham Van Duc	male	phamvanduc@gmail.com	0321 098 876	Standard	13/11/2023	15/12/2023	18/12/2023	1	1	Chua Thanh Toan
1065497	Scarlett Martinez	female	scarlett.martinez@gmail.com	0456 789 901	Deluxe	13/11/2023	08/12/2023	11/12/2023	2	2	Chua Thanh Toan
1065503	Vu Duc Minh	male	vuducminh@gmail.com	0962 345 567	Standard	14/11/2023	02/01/2024	08/01/2024	3	6	Chua Thanh Toan
1065502	Nguyen Thi Hang	male	hangnt@gmail.com	0123 456 678	Deluxe	14/11/2023	19/12/2023	24/12/2023	2	4	Da Thanh Toan
1065508	Sofia Hill	female	sofia.hill@gmail.com	0678 901 123	Standard	15/11/2023	15/02/2024	16/02/2024	2	5	Chua Thanh Toan
1065507	Hoang Thi Ngoc	female	hoangthingocngoc@gmail.com	0903 456 678	Standard	15/11/2023	11/02/2024	19/02/2024	1	2	Da Thanh Toan
1065506	Grace Martinez	female	grace.martinez@gmail.com	0890 123 345	Standard	15/11/2023	25/01/2024	04/02/2024	2	4	Da Thanh Toan
1065505	Tran Thi Hang	female	tranthihang@gmail.com	0927 890 012	Deluxe	15/11/2023	10/01/2024	16/01/2024	5	5	Da Thanh Toan
1065504	Pham Van Quang	female	quangpv@gmail.com	0987 654 432	Standard	15/11/2023	24/12/2023	30/12/2023	2	5	Da Thanh Toan
1065512	Ava Martinez	male	ava.martinez@gmail.com	0890 123 345	Standard	16/11/2023	14/02/2024	22/02/2024	5	9	Da Thanh Toan
1065511	Nguyen Thi Huong	male	huong.nguyen@gmail.com	0111 222 233	Standard	16/11/2023	04/02/2024	08/02/2024	2	3	Da Thanh Toan
1065510	Pham Van Son	male	sonpham@gmail.com	0123 456 679	Deluxe	16/11/2023	31/01/2024	17/02/2024	3	4	Da Thanh Toan
1065509	Bui Van Thang	female	buivanthang@gmail.com	0199 708 801	Deluxe	16/11/2023	01/01/2024	29/01/2024	1	2	Da Thanh Toan
1065515	Trinh Thi Xuan	male	trinhthixuan@gmail.com	0447 037 787	Standard	17/11/2023	30/01/2024	26/02/2024	3	6	Chua Thanh Toan
1065514	Benjamin Wright	male	benjamin.wright@gmail.com	0901 234 456	Deluxe	17/11/2023	14/01/2024	20/01/2024	4	4	Chua Thanh Toan
1065513	Ly Thi Dieu Linh	female	lythidieulinh@gmail.com	0876 543 321	Deluxe	17/11/2023	10/12/2023	11/12/2023	1	2	Chua Thanh Toan
1065516	Olivia Davis	female	olivia.davis@gmail.com	0456 789 901	Deluxe	18/11/2023	22/01/2024	29/01/2024	3	3	Chua Thanh Toan
1065520	Charlotte Garcia	female	charlotte.garcia@gmail.com	0456 789 901	Standard	19/11/2023	01/02/2024	07/02/2024	5	10	Chua Thanh Toan
1065519	Ngo Thi Kim	male	ngothikim@gmail.com	0823 002 207	Standard	19/11/2023	17/12/2023	10/01/2024	2	2	Chua Thanh Toan
1065518	Ho Thi Ngoc Anh	male	hongngocanh@gmail.com	0809 876 654	Standard	19/11/2023	09/12/2023	11/12/2023	3	3	Chua Thanh Toan
1065517	Tran Van Nam	male	tranvannam@gmail.com	0372 523 305	Standard	19/11/2023	05/12/2023	28/12/2023	3	5	Chua Thanh Toan
1065526	Le Quang Cuong	male	lequangcuong@gmail.com	0151 010 079	Standard	20/11/2023	24/02/2024	04/03/2024	1	3	Da Thanh Toan
1065525	Pham Thi Cam	female	phamthicam@gmail.com	0153 098 817	Deluxe	20/11/2023	15/02/2024	13/03/2024	2	2	Chua Thanh Toan
1065524	Nguyen Hai Anh	male	nguyenhaianh@gmail.com	0987 123 345	Standard	20/11/2023	10/02/2024	15/02/2024	3	3	Da Thanh Toan
1065523	Bui Thi Thuan	female	buithithuan@gmail.com	0923 890 012	Deluxe	20/11/2023	09/02/2024	18/02/2024	1	1	Chua Thanh Toan
1065522	Do Thi Thao	female	dothithao@gmail.com	0876 543 321	Standard	20/11/2023	02/12/2023	12/12/2023	5	1	Da Thanh Toan
1065521	Le Hong Quan	male	lehongquan@gmail.com	0925 890 012	Deluxe	20/11/2023	28/11/2023	02/12/2023	4	8	Da Thanh Toan
1065528	Tran Thi Binh	male	tranthibinh@gmail.com	0873 320 086	Deluxe	21/11/2023	29/01/2024	14/02/2024	1	1	Da Thanh Toan
1065527	Dinh Van Tuan	male	dinhvantuan@gmail.com	0308 765 543	Deluxe	21/11/2023	05/12/2023	10/12/2023	4	4	Da Thanh Toan
1065530	Pham Thi Diem	male	phamthidiem@gmail.com	0766 318 822	Deluxe	22/11/2023	10/12/2023	24/12/2023	2	6	Da Thanh Toan
1065529	Dang Van Quang	male	dangvanquang@gmail.com	0854 321 109	Standard	22/11/2023	01/12/2023	10/12/2023	3	6	Da Thanh Toan
1065535	Nguyen Van Yen	male	nguyenvanyen@gmail.com	0869 049 923	Standard	23/11/2023	24/02/2024	23/03/2024	4	6	Da Thanh Toan
1065534	Jonathan Carter	male	jonathan.carter@gmail.com	0901 234 456	Standard	23/11/2023	18/02/2024	26/02/2024	4	7	Chua Thanh Toan
1065533	Daniel Harris	male	daniel.harris@gmail.com	0345 678 890	Deluxe	23/11/2023	15/12/2023	23/12/2023	1	1	Chua Thanh Toan
1065532	Nguyen Van Thanh	female	nguyenvanthanh@gmail.com	0987 654 432	Standard	23/11/2023	13/12/2023	19/12/2023	1	2	Chua Thanh Toan
1065531	Mai Van Hoang	female	maivanhoang@gmail.com	0303 210 098	Deluxe	23/11/2023	04/12/2023	09/12/2023	2	3	Chua Thanh Toan
1065536	Pham Thi Dung	male	dungpham@gmail.com	0123 456 678	Deluxe	24/11/2023	07/01/2024	13/01/2024	1	2	Da Thanh Toan
1065540	Tran Thi My Linh	female	linh.tran@gmail.com	0977 666 655	Standard	25/11/2023	10/02/2024	17/02/2024	2	3	Chua Thanh Toan
1065539	Trinh Van Linh	male	trinhvanlinh@gmail.com	0728 130 058	Deluxe	25/11/2023	11/01/2024	30/01/2024	2	4	Da Thanh Toan
1065538	Nguyen Thi Nga	female	nguyenthinga@gmail.com	0112 899 956	Standard	25/11/2023	11/12/2023	04/01/2024	3	3	Chua Thanh Toan
1065537	Vo Thi Thuy Dung	female	vothithuydung@gmail.com	0901 234 456	Standard	25/11/2023	01/12/2023	04/12/2023	4	8	Chua Thanh Toan
1065542	Hoang Van Dung	female	hoangvandung@gmail.com	0496 522 234	Standard	26/11/2023	12/01/2024	21/01/2024	2	6	Chua Thanh Toan
1065541	Dinh Van Hung	male	dinhvanhung@gmail.com	0958 901 123	Deluxe	26/11/2023	28/12/2023	02/01/2024	3	6	Da Thanh Toan
1065545	Do Van Hai	male	dovanghai@gmail.com	0745 891 162	Standard	27/11/2023	13/02/2024	27/02/2024	4	12	Chua Thanh Toan1065546
1065544	Vu Thi Dung	male	vuthidung@gmail.com	0611 761 158	Standard	27/11/2023	18/12/2023	06/01/2024	3	6	Da Thanh Toan
1065543	Truong Van Nam	female	truongvannam@gmail.com	0987 654 432	Standard	27/11/2023	04/12/2023	12/12/2023	2	4	Chua Thanh Toan
1065546	Huỳnh	Female	huynh@gmail.com	0948 479 949	Standard	01/12/2023	07/12/2023	10/12/2023	1	2	Chua Thanh Toan
